{"cameraMode":{"drawMode":0,"name":"Shaded","section":"Shading Mode"},"sceneLighting":true,"audioPlay":false,"sceneViewState":{"showFog":true,"showMaterialUpdate":false,"showSkybox":true,"showFlares":true,"showImageEffects":true,"showParticleSystems":true},"in2DMode":false,"pivot":{"x":-4.895883560180664,"y":-0.20679354667663575,"z":6.025468826293945},"rotation":{"x":0.15347424149513246,"y":-0.5133207440376282,"z":0.09388530254364014,"w":0.839129626750946},"size":6.959323883056641,"orthographic":false}